train,Animation,v_Animation_g06_c01,202
train,Animation,v_Animation_g06_c02,245
train,Animation,v_Animation_g06_c03,153
train,Animation,v_Animation_g06_c04,215
train,Animation,v_Animation_g06_c05,327
train,Animation,v_Animation_g06_c06,153
train,Animation,v_Animation_g07_c01,330
train,Animation,v_Animation_g07_c02,262
train,Animation,v_Animation_g07_c03,411
train,Animation,v_Animation_g07_c04,367
train,Animation,v_Animation_g07_c05,336
train,Animation,v_Animation_g07_c06,262
train,Animation,v_Animation_g08_c01,206
train,Animation,v_Animation_g08_c02,212
train,Animation,v_Animation_g08_c03,184
train,Animation,v_Animation_g08_c04,212
train,Animation,v_Animation_g08_c05,212
train,Animation,v_Animation_g08_c06,323
train,Animation,v_Animation_g08_c07,229
train,Animation,v_Animation_g08_c08,284
train,Animation,v_Animation_g08_c09,251
train,Animation,v_Animation_g08_c10,234
train,Animation,v_Animation_g09_c01,359
train,Animation,v_Animation_g09_c02,203
train,Animation,v_Animation_g09_c03,189
train,Animation,v_Animation_g09_c04,156
train,Animation,v_Animation_g09_c05,274
train,Animation,v_Animation_g09_c06,360
train,Animation,v_Animation_g09_c07,255
train,Animation,v_Animation_g09_c08,382
train,Animation,v_Animation_g09_c09,330
train,Animation,v_Animation_g10_c01,311
train,Animation,v_Animation_g10_c02,333
train,Animation,v_Animation_g10_c03,207
train,Animation,v_Animation_g10_c04,230
train,Animation,v_Animation_g10_c05,243
train,Animation,v_Animation_g10_c06,266
train,Animation,v_Animation_g11_c01,301
train,Animation,v_Animation_g11_c02,243
train,Animation,v_Animation_g11_c03,224
train,Animation,v_Animation_g11_c04,173
train,Animation,v_Animation_g12_c01,160
train,Animation,v_Animation_g12_c02,255
train,Animation,v_Animation_g13_c01,183
train,Animation,v_Animation_g13_c02,170
train,Animation,v_Animation_g13_c03,107
train,Animation,v_Animation_g13_c04,177
train,Animation,v_Animation_g14_c01,120
train,Animation,v_Animation_g14_c02,141
train,Animation,v_Animation_g14_c03,174
train,Animation,v_Animation_g14_c04,253
train,Animation,v_Animation_g14_c05,193
train,Animation,v_Animation_g15_c01,286
train,Animation,v_Animation_g15_c02,302
train,Animation,v_Animation_g15_c03,132
train,Animation,v_Animation_g15_c04,185
train,Animation,v_Animation_g15_c05,164
train,Animation,v_Animation_g16_c01,261
train,Animation,v_Animation_g16_c02,294
train,Animation,v_Animation_g16_c03,376
train,Animation,v_Animation_g16_c04,191
train,Animation,v_Animation_g16_c05,299
train,Animation,v_Animation_g16_c06,218
train,Animation,v_Animation_g17_c01,288
train,Animation,v_Animation_g17_c02,185
train,Animation,v_Animation_g17_c03,191
train,Animation,v_Animation_g17_c04,152
train,Animation,v_Animation_g17_c05,305
train,Animation,v_Animation_g17_c06,354
train,Animation,v_Animation_g17_c07,174
train,Animation,v_Animation_g17_c08,163
train,Animation,v_Animation_g18_c01,200
train,Animation,v_Animation_g18_c02,200
train,Animation,v_Animation_g18_c03,139
train,Animation,v_Animation_g18_c04,151
train,Animation,v_Animation_g18_c05,116
train,Boogaloo,v_Boogaloo_g06_c01,175
train,Boogaloo,v_Boogaloo_g06_c02,176
train,Boogaloo,v_Boogaloo_g06_c03,222
train,Boogaloo,v_Boogaloo_g06_c04,204
train,Boogaloo,v_Boogaloo_g06_c05,301
train,Boogaloo,v_Boogaloo_g06_c06,202
train,Boogaloo,v_Boogaloo_g07_c01,207
train,Boogaloo,v_Boogaloo_g07_c02,198
train,Boogaloo,v_Boogaloo_g07_c03,225
train,Boogaloo,v_Boogaloo_g08_c01,227
train,Boogaloo,v_Boogaloo_g08_c02,145
train,Boogaloo,v_Boogaloo_g08_c03,174
train,Boogaloo,v_Boogaloo_g08_c04,150
train,Boogaloo,v_Boogaloo_g09_c01,201
train,Boogaloo,v_Boogaloo_g09_c02,186
train,Boogaloo,v_Boogaloo_g09_c03,193
train,Boogaloo,v_Boogaloo_g09_c04,159
train,Boogaloo,v_Boogaloo_g10_c01,307
train,Boogaloo,v_Boogaloo_g10_c02,346
train,Boogaloo,v_Boogaloo_g10_c03,346
train,Boogaloo,v_Boogaloo_g10_c04,406
train,Boogaloo,v_Boogaloo_g10_c05,296
train,Boogaloo,v_Boogaloo_g10_c06,395
train,Boogaloo,v_Boogaloo_g10_c07,204
train,Boogaloo,v_Boogaloo_g10_c08,280
train,Boogaloo,v_Boogaloo_g10_c09,422
train,Boogaloo,v_Boogaloo_g10_c10,340
train,Boogaloo,v_Boogaloo_g11_c01,279
train,Boogaloo,v_Boogaloo_g11_c02,174
train,Boogaloo,v_Boogaloo_g11_c03,153
train,Boogaloo,v_Boogaloo_g11_c04,211
train,Boogaloo,v_Boogaloo_g11_c05,158
train,Boogaloo,v_Boogaloo_g11_c06,167
train,Boogaloo,v_Boogaloo_g11_c07,227
train,Boogaloo,v_Boogaloo_g11_c08,200
train,Boogaloo,v_Boogaloo_g11_c09,330
train,Boogaloo,v_Boogaloo_g11_c10,121
train,Boogaloo,v_Boogaloo_g12_c01,129
train,Boogaloo,v_Boogaloo_g12_c02,178
train,Boogaloo,v_Boogaloo_g12_c03,166
train,Boogaloo,v_Boogaloo_g12_c04,135
train,Boogaloo,v_Boogaloo_g12_c05,209
train,Boogaloo,v_Boogaloo_g12_c06,227
train,Boogaloo,v_Boogaloo_g12_c07,110
train,Boogaloo,v_Boogaloo_g12_c08,190
train,Boogaloo,v_Boogaloo_g12_c09,135
train,Boogaloo,v_Boogaloo_g12_c10,209
train,Boogaloo,v_Boogaloo_g13_c01,114
train,Boogaloo,v_Boogaloo_g13_c02,178
train,Boogaloo,v_Boogaloo_g14_c01,153
train,Boogaloo,v_Boogaloo_g14_c02,174
train,Boogaloo,v_Boogaloo_g14_c03,171
train,Boogaloo,v_Boogaloo_g14_c04,185
train,Boogaloo,v_Boogaloo_g14_c05,190
train,Boogaloo,v_Boogaloo_g14_c06,249
train,Boogaloo,v_Boogaloo_g15_c01,125
train,Boogaloo,v_Boogaloo_g15_c02,124
train,Boogaloo,v_Boogaloo_g15_c03,151
train,Boogaloo,v_Boogaloo_g15_c04,154
train,Boogaloo,v_Boogaloo_g16_c01,180
train,Boogaloo,v_Boogaloo_g16_c02,206
train,Boogaloo,v_Boogaloo_g16_c03,220
train,Boogaloo,v_Boogaloo_g16_c04,174
train,Boogaloo,v_Boogaloo_g16_c05,265
train,Boogaloo,v_Boogaloo_g16_c06,200
train,Boogaloo,v_Boogaloo_g16_c07,236
train,Boogaloo,v_Boogaloo_g16_c08,209
train,Boogaloo,v_Boogaloo_g16_c09,211
train,Boogaloo,v_Boogaloo_g17_c01,224
train,Boogaloo,v_Boogaloo_g17_c02,274
train,Boogaloo,v_Boogaloo_g17_c03,224
train,Boogaloo,v_Boogaloo_g17_c04,295
train,Boogaloo,v_Boogaloo_g17_c05,185
train,Boogaloo,v_Boogaloo_g17_c06,175
train,Boogaloo,v_Boogaloo_g17_c07,158
train,Boogaloo,v_Boogaloo_g18_c01,253
train,Boogaloo,v_Boogaloo_g18_c02,237
train,Boogaloo,v_Boogaloo_g18_c03,221
train,Boogaloo,v_Boogaloo_g18_c04,166
train,Boogaloo,v_Boogaloo_g18_c05,283
train,Boogaloo,v_Boogaloo_g18_c06,90
train,Boogaloo,v_Boogaloo_g18_c07,110
train,Boogaloo,v_Boogaloo_g18_c08,110
train,CrazyLegs,v_CrazyLegs_g06_c01,197
train,CrazyLegs,v_CrazyLegs_g06_c02,154
train,CrazyLegs,v_CrazyLegs_g06_c03,327
train,CrazyLegs,v_CrazyLegs_g07_c01,175
train,CrazyLegs,v_CrazyLegs_g07_c02,153
train,CrazyLegs,v_CrazyLegs_g07_c03,221
train,CrazyLegs,v_CrazyLegs_g07_c04,224
train,CrazyLegs,v_CrazyLegs_g08_c01,175
train,CrazyLegs,v_CrazyLegs_g08_c02,150
train,CrazyLegs,v_CrazyLegs_g08_c03,192
train,CrazyLegs,v_CrazyLegs_g08_c04,153
train,CrazyLegs,v_CrazyLegs_g08_c05,197
train,CrazyLegs,v_CrazyLegs_g09_c01,152
train,CrazyLegs,v_CrazyLegs_g09_c02,108
train,CrazyLegs,v_CrazyLegs_g10_c01,124
train,CrazyLegs,v_CrazyLegs_g10_c02,124
train,CrazyLegs,v_CrazyLegs_g10_c03,148
train,CrazyLegs,v_CrazyLegs_g11_c01,99
train,CrazyLegs,v_CrazyLegs_g11_c02,155
train,CrazyLegs,v_CrazyLegs_g12_c01,152
train,CrazyLegs,v_CrazyLegs_g12_c02,222
train,CrazyLegs,v_CrazyLegs_g12_c03,221
train,CrazyLegs,v_CrazyLegs_g12_c04,234
train,CrazyLegs,v_CrazyLegs_g13_c01,292
train,CrazyLegs,v_CrazyLegs_g13_c02,165
train,CrazyLegs,v_CrazyLegs_g13_c03,247
train,CrazyLegs,v_CrazyLegs_g13_c04,317
train,CrazyLegs,v_CrazyLegs_g13_c05,222
train,CrazyLegs,v_CrazyLegs_g13_c06,218
train,CrazyLegs,v_CrazyLegs_g13_c07,152
train,CrazyLegs,v_CrazyLegs_g13_c08,215
train,CrazyLegs,v_CrazyLegs_g13_c09,142
train,CrazyLegs,v_CrazyLegs_g14_c01,265
train,CrazyLegs,v_CrazyLegs_g14_c02,142
train,CrazyLegs,v_CrazyLegs_g14_c03,176
train,CrazyLegs,v_CrazyLegs_g14_c04,158
train,CrazyLegs,v_CrazyLegs_g15_c01,175
train,CrazyLegs,v_CrazyLegs_g15_c02,262
train,CrazyLegs,v_CrazyLegs_g16_c01,287
train,CrazyLegs,v_CrazyLegs_g16_c02,152
train,CrazyLegs,v_CrazyLegs_g16_c03,124
train,CrazyLegs,v_CrazyLegs_g17_c01,159
train,CrazyLegs,v_CrazyLegs_g17_c02,89
train,CrazyLegs,v_CrazyLegs_g17_c03,83
train,CrazyLegs,v_CrazyLegs_g17_c04,230
train,CrazyLegs,v_CrazyLegs_g18_c01,342
train,CrazyLegs,v_CrazyLegs_g18_c02,331
train,CrazyLegs,v_CrazyLegs_g18_c03,251
train,CrazyLegs,v_CrazyLegs_g18_c04,215
train,CrazyLegs,v_CrazyLegs_g18_c05,320
train,CrazyLegs,v_CrazyLegs_g18_c06,374
train,CrazyLegs,v_CrazyLegs_g18_c07,292
train,CrazyLegs,v_CrazyLegs_g18_c08,233
train,CrazyLegs,v_CrazyLegs_g18_c09,374
train,CrazyLegs,v_CrazyLegs_g18_c10,315
train,DimestoppingFilmore,v_DimestoppingFilmore_g06_c01,180
train,DimestoppingFilmore,v_DimestoppingFilmore_g06_c02,106
train,DimestoppingFilmore,v_DimestoppingFilmore_g07_c01,208
train,DimestoppingFilmore,v_DimestoppingFilmore_g07_c02,139
train,DimestoppingFilmore,v_DimestoppingFilmore_g07_c03,47
train,DimestoppingFilmore,v_DimestoppingFilmore_g07_c04,85
train,DimestoppingFilmore,v_DimestoppingFilmore_g07_c05,159
train,DimestoppingFilmore,v_DimestoppingFilmore_g07_c06,139
train,DimestoppingFilmore,v_DimestoppingFilmore_g07_c07,89
train,DimestoppingFilmore,v_DimestoppingFilmore_g07_c08,105
train,DimestoppingFilmore,v_DimestoppingFilmore_g07_c09,179
train,DimestoppingFilmore,v_DimestoppingFilmore_g07_c10,224
train,DimestoppingFilmore,v_DimestoppingFilmore_g08_c01,174
train,DimestoppingFilmore,v_DimestoppingFilmore_g08_c02,219
train,DimestoppingFilmore,v_DimestoppingFilmore_g08_c03,171
train,DimestoppingFilmore,v_DimestoppingFilmore_g08_c04,227
train,DimestoppingFilmore,v_DimestoppingFilmore_g08_c05,201
train,DimestoppingFilmore,v_DimestoppingFilmore_g08_c06,231
train,DimestoppingFilmore,v_DimestoppingFilmore_g08_c07,126
train,DimestoppingFilmore,v_DimestoppingFilmore_g08_c08,148
train,DimestoppingFilmore,v_DimestoppingFilmore_g08_c09,149
train,DimestoppingFilmore,v_DimestoppingFilmore_g08_c10,175
train,DimestoppingFilmore,v_DimestoppingFilmore_g09_c01,129
train,DimestoppingFilmore,v_DimestoppingFilmore_g09_c02,179
train,DimestoppingFilmore,v_DimestoppingFilmore_g10_c01,178
train,DimestoppingFilmore,v_DimestoppingFilmore_g10_c02,206
train,DimestoppingFilmore,v_DimestoppingFilmore_g10_c03,208
train,DimestoppingFilmore,v_DimestoppingFilmore_g10_c04,235
train,DimestoppingFilmore,v_DimestoppingFilmore_g10_c05,171
train,DimestoppingFilmore,v_DimestoppingFilmore_g10_c06,144
train,DimestoppingFilmore,v_DimestoppingFilmore_g10_c07,165
train,DimestoppingFilmore,v_DimestoppingFilmore_g10_c08,224
train,DimestoppingFilmore,v_DimestoppingFilmore_g10_c09,265
train,DimestoppingFilmore,v_DimestoppingFilmore_g10_c10,227
train,DimestoppingFilmore,v_DimestoppingFilmore_g11_c01,193
train,DimestoppingFilmore,v_DimestoppingFilmore_g12_c01,240
train,DimestoppingFilmore,v_DimestoppingFilmore_g12_c02,169
train,DimestoppingFilmore,v_DimestoppingFilmore_g12_c03,239
train,DimestoppingFilmore,v_DimestoppingFilmore_g12_c04,269
train,DimestoppingFilmore,v_DimestoppingFilmore_g12_c05,245
train,DimestoppingFilmore,v_DimestoppingFilmore_g12_c06,386
train,DimestoppingFilmore,v_DimestoppingFilmore_g13_c01,93
train,DimestoppingFilmore,v_DimestoppingFilmore_g13_c02,186
train,DimestoppingFilmore,v_DimestoppingFilmore_g14_c01,174
train,DimestoppingFilmore,v_DimestoppingFilmore_g14_c02,197
train,DimestoppingFilmore,v_DimestoppingFilmore_g14_c03,168
train,DimestoppingFilmore,v_DimestoppingFilmore_g14_c04,158
train,DimestoppingFilmore,v_DimestoppingFilmore_g15_c01,324
train,DimestoppingFilmore,v_DimestoppingFilmore_g15_c02,185
train,DimestoppingFilmore,v_DimestoppingFilmore_g15_c03,157
train,DimestoppingFilmore,v_DimestoppingFilmore_g15_c04,96
train,DimestoppingFilmore,v_DimestoppingFilmore_g16_c01,292
train,DimestoppingFilmore,v_DimestoppingFilmore_g16_c02,216
train,DimestoppingFilmore,v_DimestoppingFilmore_g16_c03,259
train,DimestoppingFilmore,v_DimestoppingFilmore_g16_c04,284
train,DimestoppingFilmore,v_DimestoppingFilmore_g16_c05,223
train,DimestoppingFilmore,v_DimestoppingFilmore_g16_c06,292
train,DimestoppingFilmore,v_DimestoppingFilmore_g16_c07,424
train,DimestoppingFilmore,v_DimestoppingFilmore_g16_c08,205
train,DimestoppingFilmore,v_DimestoppingFilmore_g16_c09,262
train,DimestoppingFilmore,v_DimestoppingFilmore_g16_c10,216
train,DimestoppingFilmore,v_DimestoppingFilmore_g17_c01,191
train,DimestoppingFilmore,v_DimestoppingFilmore_g17_c02,224
train,DimestoppingFilmore,v_DimestoppingFilmore_g17_c03,76
train,DimestoppingFilmore,v_DimestoppingFilmore_g17_c04,195
train,DimestoppingFilmore,v_DimestoppingFilmore_g17_c05,125
train,DimestoppingFilmore,v_DimestoppingFilmore_g17_c06,176
train,DimestoppingFilmore,v_DimestoppingFilmore_g18_c01,200
train,Gliding,v_Gliding_g06_c02,127
train,Gliding,v_Gliding_g07_c01,149
train,Gliding,v_Gliding_g07_c02,176
train,Gliding,v_Gliding_g07_c03,210
train,Gliding,v_Gliding_g07_c04,174
train,Gliding,v_Gliding_g07_c05,148
train,Gliding,v_Gliding_g07_c06,169
train,Gliding,v_Gliding_g07_c07,149
train,Gliding,v_Gliding_g07_c08,176
train,Gliding,v_Gliding_g07_c09,149
train,Gliding,v_Gliding_g07_c10,174
train,Gliding,v_Gliding_g08_c01,210
train,Gliding,v_Gliding_g08_c02,128
train,Gliding,v_Gliding_g09_c01,107
train,Gliding,v_Gliding_g09_c02,66
train,Gliding,v_Gliding_g10_c01,205
train,Gliding,v_Gliding_g11_c01,209
train,Gliding,v_Gliding_g12_c01,103
train,Gliding,v_Gliding_g12_c02,56
train,Gliding,v_Gliding_g13_c01,84
train,Gliding,v_Gliding_g13_c02,159
train,Gliding,v_Gliding_g14_c01,142
train,Gliding,v_Gliding_g15_c01,124
train,Gliding,v_Gliding_g16_c01,143
train,Gliding,v_Gliding_g17_c01,187
train,Gliding,v_Gliding_g17_c02,181
train,Gliding,v_Gliding_g17_c03,131
train,Gliding,v_Gliding_g17_c04,120
train,Gliding,v_Gliding_g17_c05,170
train,Gliding,v_Gliding_g17_c06,175
train,Gliding,v_Gliding_g17_c07,153
train,Gliding,v_Gliding_g17_c08,257
train,Gliding,v_Gliding_g17_c09,219
train,Gliding,v_Gliding_g17_c10,247
train,Gliding,v_Gliding_g18_c01,273
train,Gliding,v_Gliding_g18_c02,229
train,Gliding,v_Gliding_g18_c03,206
train,Gliding,v_Gliding_g18_c04,266
train,Gliding,v_Gliding_g18_c05,240
train,Gliding,v_Gliding_g18_c06,240
train,Isolation,v_Isolation_g06_c01,225
train,Isolation,v_Isolation_g07_c01,80
train,Isolation,v_Isolation_g08_c01,145
train,Isolation,v_Isolation_g09_c01,73
train,Isolation,v_Isolation_g10_c01,51
train,Isolation,v_Isolation_g10_c02,103
train,Isolation,v_Isolation_g10_c03,51
train,Isolation,v_Isolation_g10_c04,141
train,Isolation,v_Isolation_g10_c05,128
train,Isolation,v_Isolation_g11_c01,132
train,Isolation,v_Isolation_g11_c02,120
train,Isolation,v_Isolation_g11_c03,79
train,Isolation,v_Isolation_g11_c04,151
train,Isolation,v_Isolation_g11_c05,189
train,Isolation,v_Isolation_g12_c01,189
train,Isolation,v_Isolation_g13_c01,125
train,Isolation,v_Isolation_g14_c01,161
train,Isolation,v_Isolation_g14_c02,168
train,Isolation,v_Isolation_g15_c01,60
train,Isolation,v_Isolation_g15_c02,85
train,Isolation,v_Isolation_g15_c03,90
train,Isolation,v_Isolation_g16_c01,212
train,Isolation,v_Isolation_g17_c01,81
train,Isolation,v_Isolation_g17_c02,234
train,Isolation,v_Isolation_g18_c01,105
train,Isolation,v_Isolation_g18_c02,109
train,Isolation,v_Isolation_g18_c03,114
train,Miming,v_Miming_g06_c01,200
train,Miming,v_Miming_g06_c02,209
train,Miming,v_Miming_g07_c01,113
train,Miming,v_Miming_g07_c02,204
train,Miming,v_Miming_g07_c03,181
train,Miming,v_Miming_g08_c01,175
train,Miming,v_Miming_g08_c02,210
train,Miming,v_Miming_g08_c03,217
train,Miming,v_Miming_g09_c01,175
train,Miming,v_Miming_g09_c02,208
train,Miming,v_Miming_g09_c03,217
train,Miming,v_Miming_g09_c04,268
train,Miming,v_Miming_g09_c05,274
train,Miming,v_Miming_g09_c06,334
train,Miming,v_Miming_g09_c07,279
train,Miming,v_Miming_g09_c08,383
train,Miming,v_Miming_g09_c09,218
train,Miming,v_Miming_g09_c10,188
train,Miming,v_Miming_g10_c01,173
train,Miming,v_Miming_g11_c01,118
train,Miming,v_Miming_g11_c02,190
train,Miming,v_Miming_g11_c03,251
train,Miming,v_Miming_g11_c04,333
train,Miming,v_Miming_g11_c05,164
train,Miming,v_Miming_g11_c06,379
train,Miming,v_Miming_g12_c01,276
train,Miming,v_Miming_g12_c02,228
train,Miming,v_Miming_g12_c03,186
train,Miming,v_Miming_g12_c04,306
train,Miming,v_Miming_g12_c05,312
train,Miming,v_Miming_g12_c06,348
train,Miming,v_Miming_g12_c07,216
train,Miming,v_Miming_g12_c08,228
train,Miming,v_Miming_g12_c09,186
train,Miming,v_Miming_g13_c01,158
train,Miming,v_Miming_g13_c02,113
train,Miming,v_Miming_g13_c03,209
train,Miming,v_Miming_g13_c04,226
train,Miming,v_Miming_g14_c01,165
train,Miming,v_Miming_g14_c02,207
train,Miming,v_Miming_g14_c03,211
train,Miming,v_Miming_g14_c04,98
train,Miming,v_Miming_g14_c05,98
train,Miming,v_Miming_g14_c06,109
train,Miming,v_Miming_g14_c07,200
train,Miming,v_Miming_g14_c08,361
train,Miming,v_Miming_g15_c01,139
train,Miming,v_Miming_g15_c02,173
train,Miming,v_Miming_g15_c03,166
train,Miming,v_Miming_g15_c04,69
train,Miming,v_Miming_g15_c05,305
train,Miming,v_Miming_g15_c06,240
train,Miming,v_Miming_g15_c07,266
train,Miming,v_Miming_g15_c08,319
train,Miming,v_Miming_g15_c09,210
train,Miming,v_Miming_g15_c10,219
train,Miming,v_Miming_g16_c01,210
train,Miming,v_Miming_g16_c02,168
train,Miming,v_Miming_g16_c03,156
train,Miming,v_Miming_g16_c04,122
train,Miming,v_Miming_g17_c01,159
train,Miming,v_Miming_g17_c02,226
train,Miming,v_Miming_g17_c03,217
train,Miming,v_Miming_g18_c01,149
train,Miming,v_Miming_g18_c02,133
train,Miming,v_Miming_g18_c03,126
train,Robot,v_Robot_g06_c01,118
train,Robot,v_Robot_g07_c01,175
train,Robot,v_Robot_g08_c01,159
train,Robot,v_Robot_g08_c02,211
train,Robot,v_Robot_g09_c01,214
train,Robot,v_Robot_g10_c01,256
train,Robot,v_Robot_g11_c01,253
train,Robot,v_Robot_g11_c02,274
train,Robot,v_Robot_g11_c03,216
train,Robot,v_Robot_g11_c04,224
train,Robot,v_Robot_g11_c05,161
train,Robot,v_Robot_g11_c06,224
train,Robot,v_Robot_g11_c07,186
train,Robot,v_Robot_g12_c01,176
train,Robot,v_Robot_g12_c02,201
train,Robot,v_Robot_g12_c03,100
train,Robot,v_Robot_g12_c04,306
train,Robot,v_Robot_g12_c05,126
train,Robot,v_Robot_g12_c06,201
train,Robot,v_Robot_g12_c07,211
train,Robot,v_Robot_g12_c08,121
train,Robot,v_Robot_g12_c09,201
train,Robot,v_Robot_g13_c01,140
train,Robot,v_Robot_g13_c02,187
train,Robot,v_Robot_g13_c03,207
train,Robot,v_Robot_g13_c04,219
train,Robot,v_Robot_g13_c05,100
train,Robot,v_Robot_g14_c01,114
train,Robot,v_Robot_g14_c02,223
train,Robot,v_Robot_g14_c03,286
train,Robot,v_Robot_g14_c04,194
train,Robot,v_Robot_g14_c05,273
train,Robot,v_Robot_g14_c06,166
train,Robot,v_Robot_g15_c01,268
train,Robot,v_Robot_g15_c02,207
train,Robot,v_Robot_g16_c01,188
train,Robot,v_Robot_g16_c02,204
train,Robot,v_Robot_g16_c03,131
train,Robot,v_Robot_g16_c04,194
train,Robot,v_Robot_g16_c05,299
train,Robot,v_Robot_g16_c06,208
train,Robot,v_Robot_g16_c07,237
train,Robot,v_Robot_g16_c08,181
train,Robot,v_Robot_g16_c09,276
train,Robot,v_Robot_g16_c10,181
train,Robot,v_Robot_g17_c01,282
train,Robot,v_Robot_g17_c02,192
train,Robot,v_Robot_g17_c03,205
train,Robot,v_Robot_g17_c04,275
train,Robot,v_Robot_g17_c05,152
train,Robot,v_Robot_g17_c06,174
train,Robot,v_Robot_g17_c07,192
train,Robot,v_Robot_g17_c08,213
train,Robot,v_Robot_g18_c01,207
train,Robot,v_Robot_g18_c02,160
train,Robot,v_Robot_g18_c03,227
train,Robot,v_Robot_g18_c04,318
train,ScarecrowSnaking,v_ScarecrowSnaking_g06_c01,72
train,ScarecrowSnaking,v_ScarecrowSnaking_g07_c01,174
train,ScarecrowSnaking,v_ScarecrowSnaking_g08_c01,235
train,ScarecrowSnaking,v_ScarecrowSnaking_g09_c01,229
train,ScarecrowSnaking,v_ScarecrowSnaking_g09_c02,301
train,ScarecrowSnaking,v_ScarecrowSnaking_g09_c03,279
train,ScarecrowSnaking,v_ScarecrowSnaking_g09_c04,134
train,ScarecrowSnaking,v_ScarecrowSnaking_g09_c05,195
train,ScarecrowSnaking,v_ScarecrowSnaking_g09_c06,139
train,ScarecrowSnaking,v_ScarecrowSnaking_g09_c07,134
train,ScarecrowSnaking,v_ScarecrowSnaking_g09_c08,201
train,ScarecrowSnaking,v_ScarecrowSnaking_g09_c09,61
train,ScarecrowSnaking,v_ScarecrowSnaking_g09_c10,190
train,ScarecrowSnaking,v_ScarecrowSnaking_g10_c01,159
train,ScarecrowSnaking,v_ScarecrowSnaking_g10_c02,214
train,ScarecrowSnaking,v_ScarecrowSnaking_g10_c03,149
train,ScarecrowSnaking,v_ScarecrowSnaking_g10_c04,175
train,ScarecrowSnaking,v_ScarecrowSnaking_g10_c05,209
train,ScarecrowSnaking,v_ScarecrowSnaking_g11_c01,291
train,ScarecrowSnaking,v_ScarecrowSnaking_g11_c02,262
train,ScarecrowSnaking,v_ScarecrowSnaking_g11_c03,329
train,ScarecrowSnaking,v_ScarecrowSnaking_g11_c04,218
train,ScarecrowSnaking,v_ScarecrowSnaking_g11_c05,302
train,ScarecrowSnaking,v_ScarecrowSnaking_g11_c06,185
train,ScarecrowSnaking,v_ScarecrowSnaking_g11_c07,276
train,ScarecrowSnaking,v_ScarecrowSnaking_g11_c08,185
train,ScarecrowSnaking,v_ScarecrowSnaking_g11_c09,273
train,ScarecrowSnaking,v_ScarecrowSnaking_g11_c10,244
train,ScarecrowSnaking,v_ScarecrowSnaking_g12_c01,195
train,ScarecrowSnaking,v_ScarecrowSnaking_g12_c02,165
train,ScarecrowSnaking,v_ScarecrowSnaking_g12_c03,187
train,ScarecrowSnaking,v_ScarecrowSnaking_g12_c04,217
train,ScarecrowSnaking,v_ScarecrowSnaking_g12_c05,193
train,ScarecrowSnaking,v_ScarecrowSnaking_g12_c06,289
train,ScarecrowSnaking,v_ScarecrowSnaking_g12_c07,109
train,ScarecrowSnaking,v_ScarecrowSnaking_g12_c08,83
train,ScarecrowSnaking,v_ScarecrowSnaking_g12_c09,239
train,ScarecrowSnaking,v_ScarecrowSnaking_g12_c10,74
train,ScarecrowSnaking,v_ScarecrowSnaking_g13_c01,327
train,ScarecrowSnaking,v_ScarecrowSnaking_g13_c02,413
train,ScarecrowSnaking,v_ScarecrowSnaking_g13_c03,413
train,ScarecrowSnaking,v_ScarecrowSnaking_g13_c04,225
train,ScarecrowSnaking,v_ScarecrowSnaking_g13_c05,294
train,ScarecrowSnaking,v_ScarecrowSnaking_g13_c06,200
train,ScarecrowSnaking,v_ScarecrowSnaking_g13_c07,368
train,ScarecrowSnaking,v_ScarecrowSnaking_g13_c08,327
train,ScarecrowSnaking,v_ScarecrowSnaking_g13_c09,266
train,ScarecrowSnaking,v_ScarecrowSnaking_g13_c10,110
train,ScarecrowSnaking,v_ScarecrowSnaking_g14_c01,245
train,ScarecrowSnaking,v_ScarecrowSnaking_g14_c02,261
train,ScarecrowSnaking,v_ScarecrowSnaking_g14_c03,320
train,ScarecrowSnaking,v_ScarecrowSnaking_g14_c04,192
train,ScarecrowSnaking,v_ScarecrowSnaking_g14_c05,170
train,ScarecrowSnaking,v_ScarecrowSnaking_g14_c06,160
train,ScarecrowSnaking,v_ScarecrowSnaking_g14_c07,245
train,ScarecrowSnaking,v_ScarecrowSnaking_g15_c01,203
train,ScarecrowSnaking,v_ScarecrowSnaking_g15_c02,163
train,ScarecrowSnaking,v_ScarecrowSnaking_g15_c03,301
train,ScarecrowSnaking,v_ScarecrowSnaking_g16_c01,153
train,ScarecrowSnaking,v_ScarecrowSnaking_g16_c02,141
train,ScarecrowSnaking,v_ScarecrowSnaking_g16_c03,80
train,ScarecrowSnaking,v_ScarecrowSnaking_g16_c04,239
train,ScarecrowSnaking,v_ScarecrowSnaking_g16_c05,190
train,ScarecrowSnaking,v_ScarecrowSnaking_g16_c06,166
train,ScarecrowSnaking,v_ScarecrowSnaking_g16_c07,166
train,ScarecrowSnaking,v_ScarecrowSnaking_g17_c01,104
train,ScarecrowSnaking,v_ScarecrowSnaking_g17_c02,138
train,ScarecrowSnaking,v_ScarecrowSnaking_g17_c03,152
train,ScarecrowSnaking,v_ScarecrowSnaking_g17_c04,144
train,ScarecrowSnaking,v_ScarecrowSnaking_g18_c01,226
train,ScarecrowSnaking,v_ScarecrowSnaking_g18_c02,198
train,Strobing,v_Strobing_g06_c01,178
train,Strobing,v_Strobing_g06_c02,197
train,Strobing,v_Strobing_g06_c03,104
train,Strobing,v_Strobing_g06_c04,137
train,Strobing,v_Strobing_g07_c01,69
train,Strobing,v_Strobing_g07_c02,127
train,Strobing,v_Strobing_g07_c03,113
train,Strobing,v_Strobing_g08_c01,125
train,Strobing,v_Strobing_g09_c01,322
train,Strobing,v_Strobing_g10_c01,131
train,Strobing,v_Strobing_g11_c01,75
train,Strobing,v_Strobing_g12_c01,177
train,Strobing,v_Strobing_g13_c01,132
train,Strobing,v_Strobing_g13_c02,188
train,Strobing,v_Strobing_g14_c01,238
train,Strobing,v_Strobing_g14_c02,211
train,Strobing,v_Strobing_g14_c03,175
train,Strobing,v_Strobing_g14_c04,172
train,Strobing,v_Strobing_g14_c05,157
train,Strobing,v_Strobing_g15_c01,273
train,Strobing,v_Strobing_g15_c02,277
train,Strobing,v_Strobing_g15_c03,203
train,Strobing,v_Strobing_g15_c04,236
train,Strobing,v_Strobing_g15_c05,196
train,Strobing,v_Strobing_g15_c06,236
train,Strobing,v_Strobing_g15_c07,207
train,Strobing,v_Strobing_g15_c08,181
train,Strobing,v_Strobing_g15_c09,218
train,Strobing,v_Strobing_g15_c10,162
train,Strobing,v_Strobing_g16_c01,214
train,Strobing,v_Strobing_g16_c02,92
train,Strobing,v_Strobing_g16_c03,95
train,Strobing,v_Strobing_g16_c04,128
train,Strobing,v_Strobing_g17_c01,211
train,Strobing,v_Strobing_g17_c02,180
train,Strobing,v_Strobing_g17_c03,169
train,Strobing,v_Strobing_g17_c04,204
train,Strobing,v_Strobing_g17_c05,190
train,Strobing,v_Strobing_g18_c01,119
train,Strobing,v_Strobing_g18_c02,100
train,Strutting,v_Strutting_g06_c01,191
train,Strutting,v_Strutting_g07_c01,178
train,Strutting,v_Strutting_g07_c02,169
train,Strutting,v_Strutting_g07_c03,160
train,Strutting,v_Strutting_g07_c04,224
train,Strutting,v_Strutting_g07_c05,274
train,Strutting,v_Strutting_g07_c06,238
train,Strutting,v_Strutting_g07_c07,202
train,Strutting,v_Strutting_g07_c08,174
train,Strutting,v_Strutting_g07_c09,123
train,Strutting,v_Strutting_g08_c01,220
train,Strutting,v_Strutting_g08_c02,250
train,Strutting,v_Strutting_g08_c03,290
train,Strutting,v_Strutting_g08_c04,220
train,Strutting,v_Strutting_g08_c05,170
train,Strutting,v_Strutting_g08_c06,225
train,Strutting,v_Strutting_g08_c07,315
train,Strutting,v_Strutting_g09_c01,199
train,Strutting,v_Strutting_g10_c01,160
train,Strutting,v_Strutting_g10_c02,209
train,Strutting,v_Strutting_g10_c03,138
train,Strutting,v_Strutting_g10_c04,179
train,Strutting,v_Strutting_g10_c05,206
train,Strutting,v_Strutting_g10_c06,56
train,Strutting,v_Strutting_g10_c07,97
train,Strutting,v_Strutting_g11_c01,136
train,Strutting,v_Strutting_g11_c02,172
train,Strutting,v_Strutting_g11_c03,193
train,Strutting,v_Strutting_g11_c04,122
train,Strutting,v_Strutting_g11_c05,55
train,Strutting,v_Strutting_g12_c01,136
train,Strutting,v_Strutting_g12_c02,87
train,Strutting,v_Strutting_g13_c01,250
train,Strutting,v_Strutting_g13_c02,328
train,Strutting,v_Strutting_g13_c03,125
train,Strutting,v_Strutting_g14_c01,152
train,Strutting,v_Strutting_g14_c02,152
train,Strutting,v_Strutting_g14_c03,131
train,Strutting,v_Strutting_g15_c01,235
train,Strutting,v_Strutting_g15_c02,210
train,Strutting,v_Strutting_g16_c01,160
train,Strutting,v_Strutting_g16_c02,200
train,Strutting,v_Strutting_g16_c03,210
train,Strutting,v_Strutting_g16_c04,170
train,Strutting,v_Strutting_g17_c01,274
train,Strutting,v_Strutting_g17_c02,212
train,Strutting,v_Strutting_g17_c03,249
train,Strutting,v_Strutting_g17_c04,179
train,Strutting,v_Strutting_g18_c01,130
train,Strutting,v_Strutting_g18_c02,110
train,Ticking,v_Ticking_g06_c01,129
train,Ticking,v_Ticking_g06_c02,111
train,Ticking,v_Ticking_g06_c03,236
train,Ticking,v_Ticking_g06_c04,129
train,Ticking,v_Ticking_g06_c05,129
train,Ticking,v_Ticking_g06_c06,124
train,Ticking,v_Ticking_g07_c01,158
train,Ticking,v_Ticking_g07_c02,116
train,Ticking,v_Ticking_g07_c03,134
train,Ticking,v_Ticking_g07_c04,125
train,Ticking,v_Ticking_g07_c05,110
train,Ticking,v_Ticking_g07_c06,143
train,Ticking,v_Ticking_g08_c01,101
train,Ticking,v_Ticking_g08_c02,119
train,Ticking,v_Ticking_g08_c03,69
train,Ticking,v_Ticking_g08_c04,123
train,Ticking,v_Ticking_g08_c05,101
train,Ticking,v_Ticking_g08_c06,188
train,Ticking,v_Ticking_g08_c07,130
train,Ticking,v_Ticking_g08_c08,105
train,Ticking,v_Ticking_g09_c01,198
train,Ticking,v_Ticking_g09_c02,150
train,Ticking,v_Ticking_g09_c03,167
train,Ticking,v_Ticking_g09_c04,127
train,Ticking,v_Ticking_g10_c01,125
train,Ticking,v_Ticking_g10_c02,153
train,Ticking,v_Ticking_g10_c03,183
train,Ticking,v_Ticking_g10_c04,110
train,Ticking,v_Ticking_g11_c01,271
train,Ticking,v_Ticking_g11_c02,146
train,Ticking,v_Ticking_g11_c03,65
train,Ticking,v_Ticking_g11_c04,60
train,Ticking,v_Ticking_g11_c05,179
train,Ticking,v_Ticking_g11_c06,112
train,Ticking,v_Ticking_g11_c07,73
train,Ticking,v_Ticking_g11_c08,185
train,Ticking,v_Ticking_g11_c09,86
train,Ticking,v_Ticking_g12_c01,141
train,Ticking,v_Ticking_g12_c02,179
train,Ticking,v_Ticking_g12_c03,100
train,Ticking,v_Ticking_g12_c04,75
train,Ticking,v_Ticking_g13_c01,125
train,Ticking,v_Ticking_g13_c02,240
train,Ticking,v_Ticking_g13_c03,272
train,Ticking,v_Ticking_g13_c04,84
train,Ticking,v_Ticking_g13_c05,230
train,Ticking,v_Ticking_g13_c06,109
train,Ticking,v_Ticking_g14_c01,177
train,Ticking,v_Ticking_g14_c02,57
train,Ticking,v_Ticking_g14_c03,146
train,Ticking,v_Ticking_g15_c01,173
train,Ticking,v_Ticking_g15_c02,156
train,Ticking,v_Ticking_g16_c01,151
train,Ticking,v_Ticking_g16_c02,186
train,Ticking,v_Ticking_g17_c01,102
train,Ticking,v_Ticking_g17_c02,174
train,Ticking,v_Ticking_g17_c03,136
train,Ticking,v_Ticking_g17_c04,229
train,Ticking,v_Ticking_g17_c05,175
train,Ticking,v_Ticking_g17_c06,256
train,Ticking,v_Ticking_g18_c01,149
train,Ticking,v_Ticking_g18_c02,123
train,Tutting,v_Tutting_g06_c01,199
train,Tutting,v_Tutting_g06_c02,149
train,Tutting,v_Tutting_g06_c03,170
train,Tutting,v_Tutting_g06_c04,182
train,Tutting,v_Tutting_g06_c05,220
train,Tutting,v_Tutting_g07_c01,170
train,Tutting,v_Tutting_g07_c02,211
train,Tutting,v_Tutting_g07_c03,175
train,Tutting,v_Tutting_g07_c04,191
train,Tutting,v_Tutting_g07_c05,226
train,Tutting,v_Tutting_g07_c06,175
train,Tutting,v_Tutting_g07_c07,183
train,Tutting,v_Tutting_g07_c08,166
train,Tutting,v_Tutting_g08_c01,72
train,Tutting,v_Tutting_g08_c02,226
train,Tutting,v_Tutting_g08_c03,152
train,Tutting,v_Tutting_g08_c04,149
train,Tutting,v_Tutting_g09_c01,304
train,Tutting,v_Tutting_g09_c02,426
train,Tutting,v_Tutting_g09_c03,354
train,Tutting,v_Tutting_g09_c04,326
train,Tutting,v_Tutting_g09_c05,354
train,Tutting,v_Tutting_g09_c06,295
train,Tutting,v_Tutting_g09_c07,394
train,Tutting,v_Tutting_g09_c08,462
train,Tutting,v_Tutting_g09_c09,290
train,Tutting,v_Tutting_g09_c10,485
train,Tutting,v_Tutting_g10_c01,288
train,Tutting,v_Tutting_g10_c02,176
train,Tutting,v_Tutting_g10_c03,227
train,Tutting,v_Tutting_g10_c04,278
train,Tutting,v_Tutting_g11_c01,226
train,Tutting,v_Tutting_g11_c02,173
train,Tutting,v_Tutting_g11_c03,199
train,Tutting,v_Tutting_g11_c04,224
train,Tutting,v_Tutting_g11_c05,804
train,Tutting,v_Tutting_g12_c01,375
train,Tutting,v_Tutting_g12_c02,307
train,Tutting,v_Tutting_g12_c03,401
train,Tutting,v_Tutting_g12_c04,317
train,Tutting,v_Tutting_g12_c05,343
train,Tutting,v_Tutting_g12_c06,432
train,Tutting,v_Tutting_g12_c07,375
train,Tutting,v_Tutting_g12_c08,286
train,Tutting,v_Tutting_g12_c09,489
train,Tutting,v_Tutting_g12_c10,603
train,Tutting,v_Tutting_g13_c01,415
train,Tutting,v_Tutting_g13_c02,270
train,Tutting,v_Tutting_g13_c03,226
train,Tutting,v_Tutting_g13_c04,302
train,Tutting,v_Tutting_g13_c05,400
train,Tutting,v_Tutting_g13_c06,391
train,Tutting,v_Tutting_g13_c07,214
train,Tutting,v_Tutting_g13_c08,400
train,Tutting,v_Tutting_g13_c09,447
train,Tutting,v_Tutting_g13_c10,359
train,Tutting,v_Tutting_g14_c01,2939
train,Tutting,v_Tutting_g14_c02,307
train,Tutting,v_Tutting_g14_c03,376
train,Tutting,v_Tutting_g14_c04,326
train,Tutting,v_Tutting_g14_c05,326
train,Tutting,v_Tutting_g14_c06,225
train,Tutting,v_Tutting_g14_c07,351
train,Tutting,v_Tutting_g14_c08,225
train,Tutting,v_Tutting_g15_c01,164
train,Tutting,v_Tutting_g15_c02,187
train,Tutting,v_Tutting_g15_c03,136
train,Tutting,v_Tutting_g16_c01,200
train,Tutting,v_Tutting_g16_c02,170
train,Tutting,v_Tutting_g17_c01,245
train,Tutting,v_Tutting_g17_c02,169
train,Tutting,v_Tutting_g17_c03,86
train,Tutting,v_Tutting_g17_c04,226
train,Tutting,v_Tutting_g17_c05,122
train,Tutting,v_Tutting_g18_c01,246
train,Tutting,v_Tutting_g18_c02,200
train,Tutting,v_Tutting_g18_c03,175
train,Tutting,v_Tutting_g18_c04,74
train,Waving,v_Waving_g06_c01,197
train,Waving,v_Waving_g07_c01,191
train,Waving,v_Waving_g07_c02,153
train,Waving,v_Waving_g07_c03,91
train,Waving,v_Waving_g07_c04,204
train,Waving,v_Waving_g07_c05,70
train,Waving,v_Waving_g07_c06,53
train,Waving,v_Waving_g07_c07,79
train,Waving,v_Waving_g08_c01,60
train,Waving,v_Waving_g08_c02,109
train,Waving,v_Waving_g09_c01,389
train,Waving,v_Waving_g09_c02,174
train,Waving,v_Waving_g09_c03,76
train,Waving,v_Waving_g10_c01,88
train,Waving,v_Waving_g10_c02,209
train,Waving,v_Waving_g11_c01,115
train,Waving,v_Waving_g11_c02,116
train,Waving,v_Waving_g11_c03,150
train,Waving,v_Waving_g11_c04,68
train,Waving,v_Waving_g12_c01,164
train,Waving,v_Waving_g13_c01,281
train,Waving,v_Waving_g13_c02,455
train,Waving,v_Waving_g13_c03,232
train,Waving,v_Waving_g14_c01,178
train,Waving,v_Waving_g15_c01,176
train,Waving,v_Waving_g15_c02,129
train,Waving,v_Waving_g16_c01,380
train,Waving,v_Waving_g17_c01,126
train,Waving,v_Waving_g17_c02,111
train,Waving,v_Waving_g17_c03,152
train,Waving,v_Waving_g18_c01,149
train,Waving,v_Waving_g18_c02,140
train,Waving,v_Waving_g18_c03,252
train,Waving,v_Waving_g18_c04,205
train,Waving,v_Waving_g18_c05,351
train,Waving,v_Waving_g18_c06,118
train,Waving,v_Waving_g18_c07,584
train,Waving,v_Waving_g18_c08,61
train,Waving,v_Waving_g18_c09,176
test,Animation,v_Animation_g01_c01,193
test,Animation,v_Animation_g01_c02,188
test,Animation,v_Animation_g01_c03,116
test,Animation,v_Animation_g01_c04,138
test,Animation,v_Animation_g01_c05,250
test,Animation,v_Animation_g01_c06,242
test,Animation,v_Animation_g01_c07,301
test,Animation,v_Animation_g01_c08,190
test,Animation,v_Animation_g01_c09,195
test,Animation,v_Animation_g01_c10,342
test,Animation,v_Animation_g02_c01,259
test,Animation,v_Animation_g02_c02,326
test,Animation,v_Animation_g02_c03,219
test,Animation,v_Animation_g02_c04,315
test,Animation,v_Animation_g02_c05,219
test,Animation,v_Animation_g02_c06,180
test,Animation,v_Animation_g02_c07,360
test,Animation,v_Animation_g02_c08,140
test,Animation,v_Animation_g02_c09,298
test,Animation,v_Animation_g02_c10,303
test,Animation,v_Animation_g03_c01,149
test,Animation,v_Animation_g03_c02,201
test,Animation,v_Animation_g03_c03,125
test,Animation,v_Animation_g03_c04,92
test,Animation,v_Animation_g03_c05,86
test,Animation,v_Animation_g03_c06,489
test,Animation,v_Animation_g03_c07,114
test,Animation,v_Animation_g03_c08,430
test,Animation,v_Animation_g03_c09,311
test,Animation,v_Animation_g03_c10,201
test,Animation,v_Animation_g04_c01,272
test,Animation,v_Animation_g04_c02,212
test,Animation,v_Animation_g04_c03,172
test,Animation,v_Animation_g04_c04,156
test,Animation,v_Animation_g04_c05,252
test,Animation,v_Animation_g05_c01,130
test,Animation,v_Animation_g05_c02,330
test,Animation,v_Animation_g05_c03,271
test,Boogaloo,v_Boogaloo_g01_c01,148
test,Boogaloo,v_Boogaloo_g01_c02,176
test,Boogaloo,v_Boogaloo_g01_c03,226
test,Boogaloo,v_Boogaloo_g01_c04,269
test,Boogaloo,v_Boogaloo_g01_c05,192
test,Boogaloo,v_Boogaloo_g01_c06,197
test,Boogaloo,v_Boogaloo_g01_c07,276
test,Boogaloo,v_Boogaloo_g02_c01,280
test,Boogaloo,v_Boogaloo_g02_c02,111
test,Boogaloo,v_Boogaloo_g03_c01,256
test,Boogaloo,v_Boogaloo_g04_c01,115
test,Boogaloo,v_Boogaloo_g05_c01,92
test,Boogaloo,v_Boogaloo_g05_c02,104
test,CrazyLegs,v_CrazyLegs_g01_c01,127
test,CrazyLegs,v_CrazyLegs_g01_c02,193
test,CrazyLegs,v_CrazyLegs_g01_c03,176
test,CrazyLegs,v_CrazyLegs_g01_c04,144
test,CrazyLegs,v_CrazyLegs_g02_c01,147
test,CrazyLegs,v_CrazyLegs_g02_c02,167
test,CrazyLegs,v_CrazyLegs_g02_c03,199
test,CrazyLegs,v_CrazyLegs_g02_c04,235
test,CrazyLegs,v_CrazyLegs_g02_c05,178
test,CrazyLegs,v_CrazyLegs_g02_c06,274
test,CrazyLegs,v_CrazyLegs_g02_c07,193
test,CrazyLegs,v_CrazyLegs_g02_c08,236
test,CrazyLegs,v_CrazyLegs_g03_c01,151
test,CrazyLegs,v_CrazyLegs_g03_c02,202
test,CrazyLegs,v_CrazyLegs_g03_c03,149
test,CrazyLegs,v_CrazyLegs_g03_c04,225
test,CrazyLegs,v_CrazyLegs_g04_c01,126
test,CrazyLegs,v_CrazyLegs_g04_c02,119
test,CrazyLegs,v_CrazyLegs_g05_c01,150
test,CrazyLegs,v_CrazyLegs_g05_c02,193
test,CrazyLegs,v_CrazyLegs_g05_c03,123
test,CrazyLegs,v_CrazyLegs_g05_c04,179
test,DimestoppingFilmore,v_DimestoppingFilmore_g01_c01,195
test,DimestoppingFilmore,v_DimestoppingFilmore_g01_c02,176
test,DimestoppingFilmore,v_DimestoppingFilmore_g01_c03,150
test,DimestoppingFilmore,v_DimestoppingFilmore_g01_c04,179
test,DimestoppingFilmore,v_DimestoppingFilmore_g01_c05,122
test,DimestoppingFilmore,v_DimestoppingFilmore_g01_c06,180
test,DimestoppingFilmore,v_DimestoppingFilmore_g02_c01,174
test,DimestoppingFilmore,v_DimestoppingFilmore_g02_c02,177
test,DimestoppingFilmore,v_DimestoppingFilmore_g02_c03,187
test,DimestoppingFilmore,v_DimestoppingFilmore_g02_c04,175
test,DimestoppingFilmore,v_DimestoppingFilmore_g02_c05,200
test,DimestoppingFilmore,v_DimestoppingFilmore_g02_c06,200
test,DimestoppingFilmore,v_DimestoppingFilmore_g02_c07,196
test,DimestoppingFilmore,v_DimestoppingFilmore_g02_c08,209
test,DimestoppingFilmore,v_DimestoppingFilmore_g03_c01,171
test,DimestoppingFilmore,v_DimestoppingFilmore_g03_c02,248
test,DimestoppingFilmore,v_DimestoppingFilmore_g04_c01,159
test,DimestoppingFilmore,v_DimestoppingFilmore_g04_c02,105
test,DimestoppingFilmore,v_DimestoppingFilmore_g04_c03,152
test,DimestoppingFilmore,v_DimestoppingFilmore_g04_c04,190
test,DimestoppingFilmore,v_DimestoppingFilmore_g05_c01,149
test,DimestoppingFilmore,v_DimestoppingFilmore_g05_c02,150
test,DimestoppingFilmore,v_DimestoppingFilmore_g05_c03,151
test,Gliding,v_Gliding_g01_c01,199
test,Gliding,v_Gliding_g01_c02,148
test,Gliding,v_Gliding_g01_c03,195
test,Gliding,v_Gliding_g02_c01,128
test,Gliding,v_Gliding_g02_c02,116
test,Gliding,v_Gliding_g02_c03,152
test,Gliding,v_Gliding_g03_c01,180
test,Gliding,v_Gliding_g03_c02,250
test,Gliding,v_Gliding_g03_c03,184
test,Gliding,v_Gliding_g03_c04,217
test,Gliding,v_Gliding_g03_c05,241
test,Gliding,v_Gliding_g03_c06,116
test,Gliding,v_Gliding_g04_c01,133
test,Gliding,v_Gliding_g04_c02,150
test,Gliding,v_Gliding_g04_c03,262
test,Gliding,v_Gliding_g04_c04,237
test,Gliding,v_Gliding_g05_c01,69
test,Gliding,v_Gliding_g05_c02,81
test,Gliding,v_Gliding_g05_c03,136
test,Gliding,v_Gliding_g05_c04,233
test,Gliding,v_Gliding_g05_c05,217
test,Gliding,v_Gliding_g05_c06,149
test,Gliding,v_Gliding_g05_c07,248
test,Gliding,v_Gliding_g05_c08,255
test,Gliding,v_Gliding_g05_c09,146
test,Isolation,v_Isolation_g01_c01,198
test,Isolation,v_Isolation_g01_c02,149
test,Isolation,v_Isolation_g01_c03,149
test,Isolation,v_Isolation_g01_c04,162
test,Isolation,v_Isolation_g01_c05,148
test,Isolation,v_Isolation_g01_c06,143
test,Isolation,v_Isolation_g02_c01,175
test,Isolation,v_Isolation_g02_c02,189
test,Isolation,v_Isolation_g03_c01,119
test,Isolation,v_Isolation_g03_c02,219
test,Isolation,v_Isolation_g03_c03,203
test,Isolation,v_Isolation_g03_c04,92
test,Isolation,v_Isolation_g04_c01,132
test,Isolation,v_Isolation_g04_c02,110
test,Isolation,v_Isolation_g05_c01,85
test,Miming,v_Miming_g01_c01,181
test,Miming,v_Miming_g01_c02,233
test,Miming,v_Miming_g01_c03,197
test,Miming,v_Miming_g01_c04,132
test,Miming,v_Miming_g01_c05,181
test,Miming,v_Miming_g01_c06,241
test,Miming,v_Miming_g01_c07,214
test,Miming,v_Miming_g01_c08,178
test,Miming,v_Miming_g01_c09,163
test,Miming,v_Miming_g01_c10,247
test,Miming,v_Miming_g02_c01,264
test,Miming,v_Miming_g03_c01,68
test,Miming,v_Miming_g04_c01,107
test,Miming,v_Miming_g05_c01,159
test,Miming,v_Miming_g05_c02,150
test,Robot,v_Robot_g01_c01,158
test,Robot,v_Robot_g01_c02,203
test,Robot,v_Robot_g01_c03,200
test,Robot,v_Robot_g01_c04,140
test,Robot,v_Robot_g01_c05,173
test,Robot,v_Robot_g01_c06,266
test,Robot,v_Robot_g01_c07,333
test,Robot,v_Robot_g02_c01,314
test,Robot,v_Robot_g02_c02,248
test,Robot,v_Robot_g02_c03,235
test,Robot,v_Robot_g02_c04,183
test,Robot,v_Robot_g02_c05,300
test,Robot,v_Robot_g02_c06,255
test,Robot,v_Robot_g02_c07,268
test,Robot,v_Robot_g02_c08,229
test,Robot,v_Robot_g02_c09,248
test,Robot,v_Robot_g02_c10,321
test,Robot,v_Robot_g03_c01,176
test,Robot,v_Robot_g03_c02,166
test,Robot,v_Robot_g03_c03,175
test,Robot,v_Robot_g03_c04,80
test,Robot,v_Robot_g03_c05,208
test,Robot,v_Robot_g03_c06,219
test,Robot,v_Robot_g03_c07,158
test,Robot,v_Robot_g03_c08,174
test,Robot,v_Robot_g03_c09,231
test,Robot,v_Robot_g03_c10,201
test,Robot,v_Robot_g04_c01,203
test,Robot,v_Robot_g04_c02,197
test,Robot,v_Robot_g04_c03,223
test,Robot,v_Robot_g04_c04,176
test,Robot,v_Robot_g04_c05,150
test,Robot,v_Robot_g04_c06,158
test,Robot,v_Robot_g05_c01,226
test,Robot,v_Robot_g05_c02,201
test,Robot,v_Robot_g05_c03,187
test,Robot,v_Robot_g05_c04,175
test,Robot,v_Robot_g05_c05,185
test,Robot,v_Robot_g05_c06,202
test,Robot,v_Robot_g05_c07,243
test,Robot,v_Robot_g05_c08,272
test,Robot,v_Robot_g05_c09,209
test,Robot,v_Robot_g05_c10,266
test,ScarecrowSnaking,v_ScarecrowSnaking_g01_c01,312
test,ScarecrowSnaking,v_ScarecrowSnaking_g01_c02,222
test,ScarecrowSnaking,v_ScarecrowSnaking_g01_c03,224
test,ScarecrowSnaking,v_ScarecrowSnaking_g01_c04,295
test,ScarecrowSnaking,v_ScarecrowSnaking_g02_c01,70
test,ScarecrowSnaking,v_ScarecrowSnaking_g02_c02,105
test,ScarecrowSnaking,v_ScarecrowSnaking_g02_c03,468
test,ScarecrowSnaking,v_ScarecrowSnaking_g03_c01,283
test,ScarecrowSnaking,v_ScarecrowSnaking_g03_c02,441
test,ScarecrowSnaking,v_ScarecrowSnaking_g03_c03,342
test,ScarecrowSnaking,v_ScarecrowSnaking_g03_c04,223
test,ScarecrowSnaking,v_ScarecrowSnaking_g03_c05,292
test,ScarecrowSnaking,v_ScarecrowSnaking_g03_c06,198
test,ScarecrowSnaking,v_ScarecrowSnaking_g03_c07,244
test,ScarecrowSnaking,v_ScarecrowSnaking_g03_c08,308
test,ScarecrowSnaking,v_ScarecrowSnaking_g03_c09,175
test,ScarecrowSnaking,v_ScarecrowSnaking_g03_c10,221
test,ScarecrowSnaking,v_ScarecrowSnaking_g04_c01,224
test,ScarecrowSnaking,v_ScarecrowSnaking_g04_c02,305
test,ScarecrowSnaking,v_ScarecrowSnaking_g04_c03,166
test,ScarecrowSnaking,v_ScarecrowSnaking_g04_c04,200
test,ScarecrowSnaking,v_ScarecrowSnaking_g04_c05,191
test,ScarecrowSnaking,v_ScarecrowSnaking_g04_c06,204
test,ScarecrowSnaking,v_ScarecrowSnaking_g05_c01,205
test,ScarecrowSnaking,v_ScarecrowSnaking_g05_c02,210
test,ScarecrowSnaking,v_ScarecrowSnaking_g05_c03,176
test,ScarecrowSnaking,v_ScarecrowSnaking_g05_c04,196
test,ScarecrowSnaking,v_ScarecrowSnaking_g05_c05,209
test,Strobing,v_Strobing_g01_c01,250
test,Strobing,v_Strobing_g02_c01,228
test,Strobing,v_Strobing_g02_c02,173
test,Strobing,v_Strobing_g02_c03,224
test,Strobing,v_Strobing_g02_c04,150
test,Strobing,v_Strobing_g02_c05,206
test,Strobing,v_Strobing_g02_c06,270
test,Strobing,v_Strobing_g03_c01,210
test,Strobing,v_Strobing_g03_c02,334
test,Strobing,v_Strobing_g03_c03,291
test,Strobing,v_Strobing_g03_c04,64
test,Strobing,v_Strobing_g04_c01,241
test,Strobing,v_Strobing_g04_c02,224
test,Strobing,v_Strobing_g04_c03,274
test,Strobing,v_Strobing_g04_c04,176
test,Strobing,v_Strobing_g04_c05,201
test,Strobing,v_Strobing_g05_c01,142
test,Strutting,v_Strutting_g01_c01,190
test,Strutting,v_Strutting_g01_c02,169
test,Strutting,v_Strutting_g01_c03,165
test,Strutting,v_Strutting_g01_c04,455
test,Strutting,v_Strutting_g01_c05,420
test,Strutting,v_Strutting_g01_c06,262
test,Strutting,v_Strutting_g02_c01,463
test,Strutting,v_Strutting_g02_c02,390
test,Strutting,v_Strutting_g02_c03,286
test,Strutting,v_Strutting_g02_c04,211
test,Strutting,v_Strutting_g02_c05,375
test,Strutting,v_Strutting_g02_c06,625
test,Strutting,v_Strutting_g03_c01,1968
test,Strutting,v_Strutting_g03_c02,605
test,Strutting,v_Strutting_g04_c01,152
test,Strutting,v_Strutting_g05_c01,146
test,Strutting,v_Strutting_g05_c02,87
test,Strutting,v_Strutting_g05_c03,112
test,Strutting,v_Strutting_g05_c04,217
test,Ticking,v_Ticking_g01_c01,123
test,Ticking,v_Ticking_g01_c02,149
test,Ticking,v_Ticking_g01_c03,142
test,Ticking,v_Ticking_g02_c01,193
test,Ticking,v_Ticking_g02_c02,217
test,Ticking,v_Ticking_g02_c03,246
test,Ticking,v_Ticking_g02_c04,200
test,Ticking,v_Ticking_g02_c05,104
test,Ticking,v_Ticking_g02_c06,117
test,Ticking,v_Ticking_g02_c07,83
test,Ticking,v_Ticking_g02_c08,146
test,Ticking,v_Ticking_g02_c09,117
test,Ticking,v_Ticking_g02_c10,117
test,Ticking,v_Ticking_g03_c01,201
test,Ticking,v_Ticking_g03_c02,175
test,Ticking,v_Ticking_g03_c03,308
test,Ticking,v_Ticking_g03_c04,200
test,Ticking,v_Ticking_g03_c05,365
test,Ticking,v_Ticking_g03_c06,261
test,Ticking,v_Ticking_g03_c07,278
test,Ticking,v_Ticking_g03_c08,295
test,Ticking,v_Ticking_g03_c09,355
test,Ticking,v_Ticking_g03_c10,268
test,Ticking,v_Ticking_g04_c01,100
test,Ticking,v_Ticking_g04_c02,279
test,Ticking,v_Ticking_g04_c03,356
test,Ticking,v_Ticking_g04_c04,308
test,Ticking,v_Ticking_g04_c05,170
test,Ticking,v_Ticking_g04_c06,375
test,Ticking,v_Ticking_g04_c07,247
test,Ticking,v_Ticking_g04_c08,343
test,Ticking,v_Ticking_g04_c09,494
test,Ticking,v_Ticking_g04_c10,419
test,Ticking,v_Ticking_g05_c01,174
test,Ticking,v_Ticking_g05_c02,229
test,Ticking,v_Ticking_g05_c03,135
test,Ticking,v_Ticking_g05_c04,196
test,Ticking,v_Ticking_g05_c05,178
test,Tutting,v_Tutting_g01_c01,298
test,Tutting,v_Tutting_g01_c02,353
test,Tutting,v_Tutting_g01_c03,296
test,Tutting,v_Tutting_g01_c04,192
test,Tutting,v_Tutting_g01_c05,347
test,Tutting,v_Tutting_g01_c06,212
test,Tutting,v_Tutting_g01_c07,201
test,Tutting,v_Tutting_g01_c08,231
test,Tutting,v_Tutting_g01_c09,253
test,Tutting,v_Tutting_g01_c10,298
test,Tutting,v_Tutting_g02_c01,278
test,Tutting,v_Tutting_g02_c02,181
test,Tutting,v_Tutting_g02_c03,214
test,Tutting,v_Tutting_g02_c04,213
test,Tutting,v_Tutting_g02_c05,214
test,Tutting,v_Tutting_g02_c06,308
test,Tutting,v_Tutting_g02_c07,282
test,Tutting,v_Tutting_g02_c08,272
test,Tutting,v_Tutting_g02_c09,157
test,Tutting,v_Tutting_g02_c10,162
test,Tutting,v_Tutting_g03_c01,309
test,Tutting,v_Tutting_g03_c02,284
test,Tutting,v_Tutting_g03_c03,309
test,Tutting,v_Tutting_g03_c04,305
test,Tutting,v_Tutting_g03_c05,305
test,Tutting,v_Tutting_g03_c06,227
test,Tutting,v_Tutting_g03_c07,252
test,Tutting,v_Tutting_g03_c08,231
test,Tutting,v_Tutting_g03_c09,259
test,Tutting,v_Tutting_g03_c10,274
test,Tutting,v_Tutting_g04_c01,210
test,Tutting,v_Tutting_g04_c02,213
test,Tutting,v_Tutting_g04_c03,232
test,Tutting,v_Tutting_g04_c04,219
test,Tutting,v_Tutting_g04_c05,206
test,Tutting,v_Tutting_g04_c06,227
test,Tutting,v_Tutting_g04_c07,196
test,Tutting,v_Tutting_g04_c08,149
test,Tutting,v_Tutting_g04_c09,134
test,Tutting,v_Tutting_g05_c01,201
test,Tutting,v_Tutting_g05_c02,209
test,Tutting,v_Tutting_g05_c03,157
test,Waving,v_Waving_g01_c01,192
test,Waving,v_Waving_g01_c02,129
test,Waving,v_Waving_g01_c03,171
test,Waving,v_Waving_g02_c01,153
test,Waving,v_Waving_g02_c02,250
test,Waving,v_Waving_g02_c03,452
test,Waving,v_Waving_g02_c04,227
test,Waving,v_Waving_g03_c01,175
test,Waving,v_Waving_g03_c02,101
test,Waving,v_Waving_g03_c03,96
test,Waving,v_Waving_g03_c04,61
test,Waving,v_Waving_g03_c05,52
test,Waving,v_Waving_g03_c06,325
test,Waving,v_Waving_g03_c07,143
test,Waving,v_Waving_g03_c08,58
test,Waving,v_Waving_g04_c01,210
test,Waving,v_Waving_g04_c02,70
test,Waving,v_Waving_g04_c03,183
test,Waving,v_Waving_g05_c01,244
test,Waving,v_Waving_g05_c02,617
test,Waving,v_Waving_g05_c03,353
test,Waving,v_Waving_g05_c04,77
test,Waving,v_Waving_g05_c05,116
test,Waving,v_Waving_g05_c06,430
test,Waving,v_Waving_g05_c07,86
test,Waving,v_Waving_g05_c08,276
test,Waving,v_Waving_g05_c09,94
